x,y,radius
90.54003472,0.1865671642,0.5
106.4697609,0.1865671642,0.5
111.1217653,0.4642232559,0.5
176.517003,0.1865671642,0.5
213.1961672,1.030111449,0.5
257.5051772,0.382985415,0.5
334.035924,0.1865671642,0.5
101.6886787,1.305307269,0.5
182.4943242,1.101688431,0.5
216.3569951,1.198354825,0.5
291.8636187,1.387862576,0.5
221.6978849,1.621850687,0.5
247.2435476,1.464627595,0.5
345.7446029,1.268447423,0.5
54.17577909,2.026785221,0.5
226.5074624,1.871964914,0.5
242.6501128,2.108265637,0.5
303.6243022,1.893695902,0.5
11.68691873,2.490528294,0.5
317.5968437,2.192014721,0.5
386.7791629,1.679104478,0.5
79.09208814,2.604278259,0.5
48.65893985,2.955489606,0.5
161.149454,3.477775013,0.5
233.1476229,3.662380384,0.5
56.32159651,3.98290498,0.5
353.2611156,3.637342266,0.5
196.9199707,4.453802084,0.5
35.59395083,5.178751557,0.5
326.0805149,4.806038501,0.5
386.5800771,4.521151065,0.5
24.01258819,5.507197504,0.5
52.14581916,5.753902564,0.5
61.85345251,5.456298514,0.5
20.63528664,6.309390456,0.5
151.9695711,6.333246615,0.5
99.75069297,6.886127792,0.5
329.1652401,7.411889837,0.5
354.1514441,7.545178151,0.5
9.366542986,8.189587456,0.5
75.08874451,8.186075544,0.5
276.0569883,8.23679255,0.5
32.59813586,8.941907899,0.5
64.96483583,8.670961888,0.5
85.347503,9.215845054,0.5
303.8240046,9.059115253,0.5
17.23076563,9.278960544,0.5
152.2455802,9.331437277,0.5
190.7302652,9.303762275,0.5
255.9816703,9.325665182,0.5
122.485324,9.794755878,0.5
318.2173666,9.614390279,0.5
45.34286066,10.34596226,0.5
71.29342611,10.26598043,0.5
115.7334573,10.36385414,0.5
216.5089461,10.16898054,0.5
261.1592214,10.26950396,0.5
213.9099735,10.4855225,0.5
237.5785358,10.43192104,0.5
103.3354515,10.78051212,0.5
18.44597898,11.58516195,0.5
263.2740202,11.18584151,0.5
276.1352722,11.32868268,0.5
59.40741435,11.43209174,0.5
177.2469792,11.88612154,0.5
305.9441222,11.64569183,0.5
377.5735286,11.61231557,0.5
75.39734943,12.04672532,0.5
25.62033923,12.43721548,0.5
173.5302399,12.77408937,0.5
65.40866208,13.42644916,0.5
97.51911436,13.41941456,0.5
128.2377035,13.54133612,0.5
307.8618574,13.50586482,0.5
327.7138132,13.43786291,0.5
394.8265332,13.19996154,0.5
205.8641741,13.90466532,0.5
266.9795289,14.10143635,0.5
198.0023372,14.25574551,0.5
222.7797153,14.36259523,0.5
292.4936803,14.48036775,0.5
180.5036683,14.8345284,0.5
303.7487005,14.77931068,0.5
330.6674815,14.56071242,0.5
367.098032,14.74157669,0.5
94.65742173,14.73880597,0.5
96.20249674,14.73880597,0.5
256.4967278,15.6126832,0.5
295.0290632,15.52669339,0.5
66.88643728,15.81997012,0.5
103.0343545,15.79579165,0.5
141.560634,15.83987679,0.5
46.51461103,16.03331952,0.5
86.26959508,16.24227725,0.5
128.3843809,16.37586409,0.5
241.937845,16.02883678,0.5
360.4144701,15.98502661,0.5
63.77763337,16.72122852,0.5
156.8976747,16.63201615,0.5
307.8177679,16.65050227,0.5
326.5680291,16.39832643,0.5
32.27318873,16.99042841,0.5
174.2497782,16.77069061,0.5
291.1274348,17.00560097,0.5
396.4868352,16.98391383,0.5
79.11820908,17.82391063,0.5
101.1400526,17.52745735,0.5
222.9929443,17.61116555,0.5
152.1185133,17.92386154,0.5
48.06364503,18.3362452,0.5
185.2807297,18.56699018,0.5
331.8181853,18.24653011,0.5
115.8838235,18.77028789,0.5
334.2326185,18.4700362,0.5
227.1830828,19.01079006,0.5
20.47335223,19.3972418,0.5
243.6550899,19.68540066,0.5
341.8978606,19.6277167,0.5
382.4606261,19.25446533,0.5
86.48336764,19.75139129,0.5
112.9838033,19.90273969,0.5
124.9381271,19.55858219,0.5
172.4028746,20.00677544,0.5
189.3404064,19.76139926,0.5
52.2342308,20.2308952,0.5
197.2077895,20.29382164,0.5
208.4770999,20.46291382,0.5
281.9718285,20.46894644,0.5
22.99249477,20.73646203,0.5
39.27280517,20.80579043,0.5
300.1133819,20.73988022,0.5
181.2087278,21.03951393,0.5
279.570373,20.92077563,0.5
333.2320277,21.01372177,0.5
18.58098359,21.21158453,0.5
149.4248202,21.78007697,0.5
235.8701396,21.63257626,0.5
357.3003724,21.97029654,0.5
63.52235722,22.33737713,0.5
203.6466162,22.38709608,0.5
260.7249343,22.53850749,0.5
290.862886,22.59036732,0.5
187.493654,22.82050219,0.5
354.8257521,22.7192753,0.5
364.3885118,22.73243923,0.5
25.85524303,23.17500051,0.5
34.99829028,23.09938247,0.5
86.22357469,23.15035664,0.5
229.4245035,23.162797,0.5
327.7596549,23.1775496,0.5
22.9254571,23.32089552,0.5
125.2216215,23.57549664,0.5
248.0412168,23.88440326,0.5
334.168069,23.86118588,0.5
6.13671078,24.18619095,0.5
15.06154303,24.38403255,0.5
23.34646341,23.69402985,0.5
66.49669877,24.60227002,0.5
80.86435569,24.45640055,0.5
224.0407194,24.56217272,0.5
239.6921206,24.41382798,0.5
287.2311948,24.23525631,0.5
385.9364161,24.25438985,0.5
112.1965089,25.2877635,0.5
51.94406509,25.47014037,0.5
124.9885606,25.65622238,0.5
305.0567824,25.63397517,0.5
199.2001982,25.95479066,0.5
344.355211,25.68893882,0.5
6.697637687,26.65084916,0.5
155.2772219,25.74582027,0.5
167.2818607,26.31821674,0.5
187.6567688,26.1833469,0.5
267.5913302,26.43752606,0.5
275.0996912,26.23749433,0.5
60.9137598,27.15838212,0.5
99.0739011,26.6475919,0.5
302.4946935,26.42837818,0.5
178.975135,27.20470663,0.5
217.7630643,27.58912155,0.5
239.5765572,27.74031627,0.5
262.107113,27.86995363,0.5
278.3308628,27.86796921,0.5
294.5015663,27.71632808,0.5
141.0548137,28.02430601,0.5
300.0021906,28.06539024,0.5
50.04106287,28.41709249,0.5
90.13264046,28.79726558,0.5
174.2131524,29.26556592,0.5
226.4833594,29.01689321,0.5
266.916128,28.94913904,0.5
35.35834727,29.18459471,0.5
244.4491995,29.1108007,0.5
289.8090213,29.67009941,0.5
316.7760306,29.75534559,0.5
41.06145657,29.98887106,0.5
240.7391424,30.17086405,0.5
304.3562761,29.83901628,0.5
348.4672067,29.90216244,0.5
14.46823031,30.21560634,0.5
132.4484451,30.46334532,0.5
198.5576949,30.28787846,0.5
138.3683178,30.61169951,0.5
179.7354742,30.76579557,0.5
29.1937132,31.32325761,0.5
155.9164406,31.38416396,0.5
34.19192675,31.7917614,0.5
158.9174652,31.95509621,0.5
88.21674381,32.07424554,0.5
97.14391773,32.06166574,0.5
77.4192672,33.93771509,0.5
85.63592641,32.42297154,0.5
106.2019273,33.13232953,0.5
126.6931544,33.06309759,0.5
153.2557937,32.64077701,0.5
176.4923759,33.11696216,0.5
299.6748259,32.98078218,0.5
22.05179406,33.35731506,0.5
254.5563842,33.77560784,0.5
348.5471314,33.18842717,0.5
151.6647728,33.27363652,0.5
272.606294,33.68274089,0.5
394.3769646,33.58133085,0.5
141.8423833,34.14226045,0.5
33.00394112,34.4376946,0.5
190.187457,34.61026745,0.5
310.5750468,35.32473217,0.5
132.8980055,35.50220922,0.5
166.0636498,35.6339465,0.5
53.17699386,36.07311082,0.5
220.0002378,35.9427639,0.5
229.5205009,35.86723215,0.5
315.7074383,35.97058038,0.5
331.8943491,35.98907595,0.5
205.7812614,36.26093107,0.5
15.15592181,36.68672036,0.5
203.4131562,36.8138723,0.5
212.0014204,36.82240241,0.5
235.9302128,36.78699593,0.5
251.7599252,36.84440875,0.5
267.4415504,36.59570344,0.5
292.2669321,36.56324374,0.5
297.9764259,36.80079939,0.5
135.9090325,37.09316222,0.5
51.0521603,37.25523346,0.5
119.8786856,37.43116684,0.5
150.5879749,37.29367896,0.5
177.5209627,37.28379874,0.5
374.7886832,37.20055283,0.5
70.24709375,37.88418801,0.5
276.5767141,38.21626823,0.5
43.86918836,39.06878197,0.5
331.8294384,38.84125382,0.5
12.44952183,39.23855821,0.5
385.5056449,39.18651509,0.5
266.2749647,39.75517598,0.5
149.7436113,39.98438811,0.5
103.484481,40.85729015,0.5
392.2630438,40.49190814,0.5
84.2136528,41.08717993,0.5
316.3873238,41.12523948,0.5
346.6704757,41.27110149,0.5
90.41687685,41.46309115,0.5
257.8392133,41.41335562,0.5
95.44522271,41.89967902,0.5
274.8480473,41.76374713,0.5
283.5725874,41.94054075,0.5
11.55772849,42.17389367,0.5
116.7447511,42.31565617,0.5
153.0849101,42.18930137,0.5
171.5432435,42.19669805,0.5
220.0786075,42.46955993,0.5
261.3391146,42.31846595,0.5
286.3021463,42.47647991,0.5
63.84959883,42.27193578,0.5
78.31628837,42.71652946,0.5
268.6684224,42.69793385,0.5
329.8547382,42.55841234,0.5
16.9325484,43.67564524,0.5
56.36590568,42.93631897,0.5
123.47517,42.8708287,0.5
212.9294841,43.05936505,0.5
292.1713008,43.16835085,0.5
20.65171656,43.87426609,0.5
73.77550802,43.85449556,0.5
306.5455313,43.91972014,0.5
364.6414341,43.82880073,0.5
361.5730971,44.13518253,0.5
239.5142104,44.50298148,0.5
346.4177787,44.32772437,0.5
378.3356707,44.21497668,0.5
201.9373533,44.87563608,0.5
228.7562592,44.77595757,0.5
392.7764281,44.56340195,0.5
82.07865727,45.3132426,0.5
258.8614774,45.15671351,0.5
22.40810395,45.74484127,0.5
36.10721248,45.47326334,0.5
55.6229724,45.74575593,0.5
138.505092,45.53425556,0.5
165.8162958,45.59273906,0.5
277.096174,45.79002359,0.5
293.8042134,45.98936886,0.5
328.2781421,46.08551875,0.5
6.35624383,46.4095641,0.5
158.0903704,46.44328224,0.5
212.244685,46.36336289,0.5
311.0788107,46.25760055,0.5
397.7444784,46.34830717,0.5
73.04518922,46.84730345,0.5
178.3001526,46.88702502,0.5
182.838802,47.03782441,0.5
279.9981266,46.82573525,0.5
325.3162725,47.19824901,0.5
32.76706332,48.15990208,0.5
126.1751065,48.74091785,0.5
236.637295,48.82777323,0.5
262.2119939,49.45623374,0.5
269.7084462,49.14384808,0.5
340.1203634,49.00230485,0.5
20.42591551,49.36007729,0.5
394.7446778,49.04316312,0.5
9.623202376,50.09473583,0.5
322.3791598,49.73341699,0.5
82.8162738,49.95746624,0.5
266.6923548,50.26866775,0.5
330.7358168,50.30699808,0.5
209.1517273,50.41010841,0.5
309.2215746,50.35691185,0.5
361.530579,50.42578433,0.5
31.58544149,50.74016004,0.5
94.23780729,50.76223811,0.5
129.9662156,51.01604618,0.5
303.0908206,50.56286712,0.5
167.1012281,51.31296915,0.5
288.5131137,51.36420039,0.5
76.00683437,51.53432113,0.5
213.8565133,51.80254099,0.5
247.0308732,51.56619004,0.5
336.2731303,51.52488341,0.5
347.1525097,51.66584515,0.5
20.67574199,51.48710688,0.5
34.18398102,51.87830751,0.5
65.18550388,52.03654842,0.5
255.6166828,51.99598942,0.5
2.566240788,52.20399122,0.5
351.4807835,52.30965877,0.5
13.63292572,52.42446959,0.5
265.7848723,53.07631848,0.5
62.33102479,53.44696005,0.5
10.98865372,53.85159524,0.5
51.00392497,53.69996415,0.5
357.9053264,53.6042126,0.5
77.10430037,54.36037872,0.5
148.6445984,54.58393974,0.5
336.2156366,55.0830628,0.5
137.1267073,55.59892628,0.5
276.2629618,55.8208418,0.5
200.3022057,55.95876136,0.5
87.44916583,56.54739493,0.5
227.3153983,56.32390348,0.5
354.8882999,56.39656709,0.5
358.6296718,56.34730541,0.5
8.370348135,56.93223945,0.5
25.78523683,56.49582291,0.5
311.1266518,56.99479665,0.5
360.7476002,56.83113459,0.5
373.4070285,56.9062779,0.5
126.4468919,57.10241054,0.5
241.9850874,57.26323132,0.5
33.65958874,57.65029274,0.5
95.8704838,57.41267055,0.5
45.00642606,58.20157151,0.5
159.2454007,58.71217762,0.5
249.9275028,58.40259348,0.5
346.0598506,58.16842811,0.5
348.3240526,58.06169585,0.5
141.4469637,58.84269286,0.5
351.9878889,58.5093825,0.5
53.49861445,59.15010548,0.5
357.1184679,58.91256099,0.5
388.1098099,59.92806265,0.5
95.58182389,60.19908541,0.5
127.8277463,60.07230001,0.5
341.1672574,60.04699573,0.5
273.9042953,60.65916895,0.5
7.565210647,61.00157823,0.5
152.0415223,60.81110503,0.5
165.3477227,60.84319442,0.5
282.5908335,61.09096595,0.5
286.5739954,61.0425094,0.5
333.1836299,60.93279152,0.5
75.13080868,61.15832127,0.5
124.7107317,61.16970502,0.5
135.3697944,61.01046942,0.5
138.2350693,61.16254299,0.5
232.5614956,61.3107119,0.5
265.2352919,61.41931905,0.5
277.9740869,61.2288471,0.5
358.6859598,61.55314688,0.5
108.8723734,62.08746217,0.5
250.9367102,62.14987492,0.5
315.7101673,62.04042815,0.5
62.90540963,62.39870851,0.5
248.3190379,62.55009962,0.5
52.88007723,62.12686567,0.5
346.2593439,62.74564122,0.5
348.4896232,62.58038999,0.5
3.382714967,63.44637236,0.5
118.7538643,63.7140276,0.5
179.6133503,63.44917696,0.5
44.80179346,64.08115935,0.5
383.6240584,63.75331202,0.5
54.89806745,64.39857775,0.5
93.08112124,64.44605853,0.5
189.6848436,64.32393041,0.5
192.2416396,64.23033075,0.5
246.2052537,64.48298919,0.5
66.47252211,64.70742814,0.5
292.2879358,64.85388889,0.5
260.9399209,64.88340096,0.5
244.1255876,65.29203828,0.5
28.43455981,65.55978514,0.5
332.5049285,65.76205722,0.5
2.632049602,66.40286885,0.5
237.3050686,66.68049085,0.5
274.6941342,66.40809429,0.5
317.9693684,66.51691856,0.5
47.48270977,66.79142811,0.5
56.12580667,66.90618943,0.5
150.5715778,66.78089784,0.5
364.192961,66.78891775,0.5
63.43840408,67.34864828,0.5
264.2328118,67.21252854,0.5
33.87034197,67.78072077,0.5
129.0436601,67.61862039,0.5
201.5408038,67.60671183,0.5
100.8463093,67.85476217,0.5
181.9954962,67.92743548,0.5
225.6501057,68.10918832,0.5
358.6931827,68.11402147,0.5
7.745861856,68.30746123,0.5
272.2253722,68.51284274,0.5
285.5670017,68.71690707,0.5
138.0220546,68.98626989,0.5
11.2084937,69.62187549,0.5
72.0483029,69.38528403,0.5
157.033356,69.0058164,0.5
235.7152571,69.60545458,0.5
254.1506594,69.43378623,0.5
279.1774592,69.3917986,0.5
149.7729515,69.79730953,0.5
59.94034609,70.23094535,0.5
329.2333291,70.20825499,0.5
342.3648513,70.2192687,0.5
93.8042877,70.7708102,0.5
338.2431981,70.64536088,0.5
394.2710638,70.55584274,0.5
33.61030463,70.88390545,0.5
70.23588026,70.93941154,0.5
139.2354385,71.491986,0.5
211.0743328,70.97469228,0.5
302.3711305,71.57533336,0.5
322.2490138,71.63639325,0.5
327.0861822,71.828542,0.5
27.84484935,72.15734974,0.5
49.05497973,71.99938084,0.5
3.741917734,72.36331663,0.5
77.25257377,72.60307199,0.5
145.0018363,72.36191528,0.5
171.0958432,72.3682657,0.5
319.0375564,72.45384547,0.5
36.73573644,72.7475307,0.5
206.6170783,72.80467554,0.5
213.643665,72.20149254,0.5
148.1196353,73.30824308,0.5
187.9438205,73.38342551,0.5
198.3095762,73.70323953,0.5
265.8099694,73.69465459,0.5
371.5702692,73.51530648,0.5
129.9720054,73.8955636,0.5
382.1296643,74.75049587,0.5
170.3453967,75.04429249,0.5
193.6568862,75.06120967,0.5
4.065329535,75.5182369,0.5
377.1036409,75.33271988,0.5
35.96646902,75.79328144,0.5
44.59379032,75.84662801,0.5
94.69175177,75.84454203,0.5
196.2377554,75.86260888,0.5
0.1406469761,76.12894572,0.5
298.4768318,76.85155685,0.5
319.6362786,76.8533488,0.5
18.33956256,77.27921482,0.5
281.2405965,77.52302078,0.5
338.6379981,77.20842845,0.5
23.8509909,77.66419112,0.5
71.26785145,77.72138237,0.5
311.1115821,77.82731683,0.5
387.197056,77.5508764,0.5
56.39757337,78.28078806,0.5
61.91067231,77.98218802,0.5
141.8241047,77.96240261,0.5
146.3857526,77.94138699,0.5
206.5402939,78.20055144,0.5
257.6623487,77.9901712,0.5
344.1305132,78.30742557,0.5
29.80930032,78.49497276,0.5
97.26673524,78.66207764,0.5
160.8349314,78.52526317,0.5
278.1707847,78.58564214,0.5
36.19048794,78.98456654,0.5
64.20539205,78.84433273,0.5
199.0702344,79.33596502,0.5
380.4796382,79.1427878,0.5
32.755322,79.61340787,0.5
187.5312273,79.62896061,0.5
105.6387404,79.90298885,0.5
299.544161,79.83317438,0.5
6.996400547,80.47026891,0.5
93.50740877,80.27637453,0.5
119.8230706,80.48816924,0.5
208.3108196,80.17772788,0.5
228.4589651,80.37522085,0.5
248.6182288,80.86644664,0.5
311.4259859,80.82829114,0.5
372.5913238,80.55867968,0.5
290.8042692,81.05118163,0.5
335.7920079,80.97755574,0.5
65.95574331,81.44432656,0.5
236.0098026,81.37839763,0.5
307.4193174,81.43190952,0.5
125.2103206,81.9755949,0.5
52.69542552,82.05681461,0.5
85.35589467,82.10572031,0.5
133.8221423,82.16146114,0.5
41.24969634,82.49755364,0.5
227.4512779,83.09285095,0.5
368.3677134,82.92124146,0.5
108.4297952,83.20187779,0.5
387.1531256,83.33380444,0.5
147.216232,83.73952321,0.5
292.0236489,83.55772822,0.5
57.25668476,84.2556171,0.5
73.34948485,84.06974779,0.5
305.6982325,83.96854741,0.5
151.7401517,84.22055681,0.5
203.0218472,84.51295283,0.5
255.4773324,84.68071711,0.5
61.19608103,84.8378731,0.5
87.43944011,84.63985352,0.5
285.4627046,84.80075216,0.5
0.3159037614,85.17313897,0.5
3.743438819,85.16076478,0.5
145.2725808,85.2509841,0.5
205.2308965,85.05529076,0.5
44.22155185,85.75394055,0.5
113.2250131,85.44645709,0.5
149.921666,85.36493991,0.5
164.2641205,85.67687445,0.5
271.013495,85.48083774,0.5
121.7251965,85.78873381,0.5
318.9837247,85.77685354,0.5
91.90384502,86.33555053,0.5
227.5773724,86.24177782,0.5
237.4836576,86.34498848,0.5
382.8302442,86.20886484,0.5
157.8915475,86.70967751,0.5
336.301379,86.66225406,0.5
397.7631487,86.52707244,0.5
287.7669092,86.94337131,0.5
322.8630915,87.01584281,0.5
132.6129084,87.3423402,0.5
378.4811392,87.50750439,0.5
110.4245334,87.68913303,0.5
256.2515218,87.63795845,0.5
42.09132879,88.14349462,0.5
244.4171884,88.28303156,0.5
298.4935036,88.15627119,0.5
388.1876513,88.06402652,0.5
112.9028675,88.5185936,0.5
161.6722156,88.71835087,0.5
193.8736824,88.65022292,0.5
202.8693286,88.69298361,0.5
362.4146017,88.75752666,0.5
368.748901,88.69346981,0.5
108.2407469,88.82755817,0.5
16.65907983,89.29258733,0.5
122.6503605,89.36482272,0.5
136.0310884,89.25831442,0.5
173.3329078,89.52121678,0.5
19.38097722,89.91165598,0.5
38.07634644,90.57616594,0.5
325.4611414,89.98873435,0.5
97.49991058,90.81212094,0.5
278.4862256,90.77821588,0.5
394.4377223,90.62248927,0.5
124.8673021,90.99490212,0.5
110.874338,91.34676119,0.5
302.7634814,91.55637085,0.5
323.5153733,91.49021653,0.5
107.227866,91.8011705,0.5
127.5296381,91.9090763,0.5
169.1131088,91.96227989,0.5
389.5176777,92.36788665,0.5
42.52457329,92.44649813,0.5
263.1533414,92.14730432,0.5
86.19920753,92.73620882,0.5
122.7459885,92.5572169,0.5
12.22777542,93.10329402,0.5
102.9497414,93.02899706,0.5
266.2244841,92.92250374,0.5
49.14438869,93.2448512,0.5
54.05981978,93.3991871,0.5
147.0858386,93.22437146,0.5
165.2561708,93.35351967,0.5
176.5558642,93.38818834,0.5
286.8964596,93.36590736,0.5
311.4234278,93.26481682,0.5
350.2617346,93.32092502,0.5
378.9947168,93.52432164,0.5
25.96095933,93.75744518,0.5
158.4124303,93.8543671,0.5
174.040358,93.73531272,0.5
368.0248103,93.77713983,0.5
70.25443794,94.02812074,0.5
249.3727181,94.12541742,0.5
100.8832571,94.4262637,0.5
126.7151504,94.62049046,0.5
61.74986534,94.73016584,0.5
50.88542004,95.32480801,0.5
141.8637392,95.11319801,0.5
149.3108174,95.36842034,0.5
337.8204925,95.33338618,0.5
22.62446967,95.66349332,0.5
57.20793381,95.50923309,0.5
184.7824221,95.68147753,0.5
387.2556649,95.68186112,0.5
199.5004838,96.11343251,0.5
358.1405871,95.96461405,0.5
105.1217527,96.34679442,0.5
241.9253571,96.52549218,0.5
7.282952555,97.0139788,0.5
26.33682402,96.99771845,0.5
193.8876588,97.03713639,0.5
209.4336205,97.05806083,0.5
262.1926555,97.2709603,0.5
293.8166637,97.02263679,0.5
313.8871011,97.09707315,0.5
3.278517663,97.59368405,0.5
252.0170745,97.41501701,0.5
156.8468476,97.85125446,0.5
167.5706981,97.85610848,0.5
216.1066653,98.36177269,0.5
342.0279503,98.36466055,0.5
64.05044192,98.65352914,0.5
153.973545,99.00478482,0.5
324.0952215,99.22778606,0.5
8.582307549,99.71429311,0.5
57.33034384,99.64402143,0.5
204.4573344,100.2738615,0.5
248.4258583,100.2679333,0.5
308.8373531,100.1241628,0.5
34.2231725,100.3567061,0.5
135.3993749,100.5054085,0.5
199.2143031,100.9780637,0.5
10.41915436,101.3302395,0.5
71.63503656,101.3569391,0.5
91.16363517,101.1251566,0.5
24.66879018,101.775635,0.5
59.50367479,101.5209305,0.5
157.7724165,101.429041,0.5
296.9387998,101.6041716,0.5
302.4056705,101.4846543,0.5
318.0934272,101.7794824,0.5
17.61870334,101.9167244,0.5
277.690417,101.966545,0.5
338.4552236,102.3856307,0.5
360.3862754,102.512091,0.5
394.8084135,102.7710231,0.5
115.2654944,102.9957236,0.5
183.2894432,103.1254639,0.5
241.6813176,102.9728617,0.5
191.2752091,103.3568814,0.5
150.8690836,103.7971669,0.5
159.6622249,103.7302208,0.5
72.63277961,104.2700238,0.5
138.9329619,104.3070612,0.5
295.6404796,104.2049702,0.5
330.7145514,104.7189749,0.5
58.06580189,105.0610687,0.5
100.7133755,104.8782146,0.5
148.2383943,105.1107291,0.5
355.3275845,104.8747061,0.5
377.3774633,104.8213919,0.5
17.16661575,105.4595385,0.5
105.1278834,105.3083654,0.5
271.0265527,105.1442047,0.5
205.6640717,106.0942222,0.5
371.7565934,105.5082839,0.5
11.24711083,106.2392381,0.5
276.8778634,106.5944806,0.5
70.30272395,106.8102189,0.5
83.2559703,106.5299475,0.5
298.7730076,106.7555566,0.5
307.7346719,106.9142941,0.5
214.8588574,107.1975057,0.5
343.4156802,107.1845611,0.5
373.7275055,107.2033907,0.5
111.4969355,107.6114101,0.5
140.5936936,107.6300424,0.5
396.3209741,107.4629204,0.5
73.05309845,107.8254766,0.5
326.9609564,107.875005,0.5
349.2579289,108.0342346,0.5
58.77703376,107.8374599,0.5
163.8708904,108.2004457,0.5
281.7373739,108.2109846,0.5
78.7438854,108.5370292,0.5
226.9028036,108.691343,0.5
264.0050267,109.502988,0.5
295.6778289,108.8773415,0.5
27.27704408,109.719699,0.5
268.4061628,109.3124056,0.5
297.894906,109.5153895,0.5
300.1408909,109.2613759,0.5
9.42855271,109.6599815,0.5
144.2783965,109.9552039,0.5
161.8538258,109.7045853,0.5
166.1372621,109.7476094,0.5
120.0285938,110.0507642,0.5
183.5531563,110.4348002,0.5
194.1130374,110.0498216,0.5
201.9468859,110.1486144,0.5
213.7051921,110.0715354,0.5
366.8253227,110.3317649,0.5
5.214170819,110.4350357,0.5
125.1842586,110.6901852,0.5
138.3099181,110.4107697,0.5
381.8897594,110.4724635,0.5
220.2842536,111.1737998,0.5
284.9112446,111.792951,0.5
100.2084296,112.0291662,0.5
180.9761954,112.2218531,0.5
64.51608689,112.337502,0.5
172.4796249,112.2799424,0.5
333.285724,112.3923296,0.5
78.83996959,112.6702676,0.5
229.9727957,112.6786982,0.5
345.9943788,112.8774215,0.5
201.3996263,113.1318874,0.5
264.4413652,113.5915836,0.5
278.5492491,114.3245652,0.5
281.9708993,114.1881317,0.5
399.009686,114.2530717,0.5
256.757744,114.5185759,0.5
48.87107961,114.9701764,0.5
74.16307603,115.239863,0.5
144.2049959,114.9271244,0.5
153.2491042,115.1256879,0.5
292.7169819,115.0360749,0.5
209.0141767,115.5634151,0.5
331.3965938,115.4683623,0.5
344.078548,115.3704819,0.5
68.4672534,115.895779,0.5
176.6059854,115.6422945,0.5
391.3217805,115.5074215,0.5
24.98060486,116.3357526,0.5
109.3019683,116.3773573,0.5
197.9015143,116.4056436,0.5
133.8467044,117.0295069,0.5
294.8603108,117.0275784,0.5
79.18891819,117.439052,0.5
204.6306567,117.144857,0.5
340.7796723,117.1417497,0.5
5.351445997,117.8679268,0.5
283.2166347,117.6936837,0.5
323.2884653,117.68076,0.5
325.9109341,117.5153655,0.5
305.8456223,118.1135431,0.5
211.9338207,118.2862458,0.5
26.96944103,118.877564,0.5
75.85813232,118.9439454,0.5
191.6589309,118.631291,0.5
342.57833,118.8903439,0.5
380.6595862,118.8385795,0.5
138.3702989,119.3004195,0.5
149.1321055,118.8938755,0.5
171.8300746,118.9656916,0.5
347.6807832,119.3068076,0.5
398.8444645,119.2081913,0.5
168.9687567,119.486265,0.5
307.8202934,119.6954488,0.5
320.1101056,119.5836529,0.5
29.1377507,119.8622716,0.5
285.2232354,119.9601869,0.5
91.5581957,120.3042133,0.5
236.2958462,120.3640033,0.5
242.6894398,120.2812582,0.5
268.1981594,120.2949908,0.5
60.82911185,120.5113178,0.5
82.98545167,121.0779372,0.5
328.9791665,120.9605711,0.5
32.78530717,121.5157994,0.5
89.0451955,121.2287532,0.5
181.0750899,121.4120915,0.5
276.7841221,121.539963,0.5
344.5872369,121.4229566,0.5
197.2440067,121.861243,0.5
173.1471032,122.6130215,0.5
304.2889187,122.42482,0.5
340.4269946,122.4200094,0.5
300.4543258,123.0967068,0.5
297.9256259,123.7205296,0.5
355.0717399,123.503843,0.5
139.9490918,123.8694022,0.5
182.0517823,124.1163482,0.5
372.8370292,123.8287991,0.5
109.3490172,124.539103,0.5
260.3827887,124.8941847,0.5
3.098655967,125.6223129,0.5
125.780585,125.1114673,0.5
296.1039402,125.2519067,0.5
319.4105665,125.6797735,0.5
231.0041161,126.0920159,0.5
272.6398661,125.9455403,0.5
332.1479347,126.1123121,0.5
33.16648956,126.4254331,0.5
129.2890566,126.8557477,0.5
258.7050743,127.2865562,0.5
266.6893132,127.4405685,0.5
279.1677521,127.3782857,0.5
335.8060887,127.2343082,0.5
392.1396804,127.6073194,0.5
162.6253086,128.1241066,0.5
243.7768487,128.1022484,0.5
326.0590272,128.2107774,0.5
379.9403089,127.9778838,0.5
156.5867867,128.3260107,0.5
18.80399406,129.0177672,0.5
73.20124898,128.8825139,0.5
252.875079,129.1363157,0.5
289.9447248,128.7027248,0.5
116.6410238,129.0779396,0.5
197.6833498,129.649567,0.5
356.9422681,129.5913026,0.5
7.408215994,129.9411658,0.5
192.1210836,129.974205,0.5
277.7750731,130.1605341,0.5
363.954956,130.1759657,0.5
3.000873747,130.4241871,0.5
25.55052932,130.4032679,0.5
109.2175348,130.3470953,0.5
342.1867432,130.5593057,0.5
130.7995588,130.2217083,0.5
142.7795539,130.6699468,0.5
160.9446503,130.8313897,0.5
213.5145032,130.8036013,0.5
391.8754881,130.5501792,0.5
66.83977894,131.2845145,0.5
111.6999804,131.1603329,0.5
128.4776291,131.0818554,0.5
229.6703175,130.6412301,0.5
232.2132042,130.7130255,0.5
238.6180783,131.0480714,0.5
60.28128785,131.6752356,0.5
250.9880973,131.240598,0.5
354.7813225,131.3854458,0.5
15.65186196,131.7085944,0.5
100.8462782,131.7268918,0.5
219.0359865,132.0474328,0.5
377.3806434,132.2378354,0.5
68.45939547,133.1584744,0.5
95.69433461,132.466784,0.5
203.0687943,132.9183827,0.5
275.9319915,133.0121747,0.5
334.9534544,132.8530921,0.5
91.34203142,133.4935149,0.5
314.916134,133.5165691,0.5
305.4677424,133.8917937,0.5
169.909985,133.882795,0.5
266.1413508,134.0014553,0.5
51.98419679,134.5420167,0.5
78.50659093,134.716559,0.5
109.7955789,134.3846751,0.5
141.8615956,134.7216525,0.5
239.9703276,134.6896451,0.5
287.0623251,135.1634343,0.5
42.55983933,135.4733268,0.5
294.3157921,135.7272091,0.5
100.0058989,136.0779489,0.5
167.9865174,135.980482,0.5
242.1682956,135.9732827,0.5
105.2475527,136.2106686,0.5
139.7001915,136.1651747,0.5
351.8343462,136.3632569,0.5
378.8735914,136.4024452,0.5
192.5465325,136.6199338,0.5
372.0956819,137.3685228,0.5
34.26806065,137.2456336,0.5
69.23224885,137.6579248,0.5
190.2822913,138.0618972,0.5
214.77473,138.0705033,0.5
298.0431692,138.1530456,0.5
43.42077066,138.518673,0.5
129.4739151,138.5226572,0.5
122.5462112,138.9179254,0.5
21.40052019,139.8835567,0.5
99.7804736,139.6377381,0.5
304.6334823,139.5541749,0.5
338.1294934,139.6946598,0.5
310.2624706,140.0313672,0.5
171.7239485,140.4162733,0.5
293.7970776,140.121331,0.5
396.6720323,140.4421203,0.5
236.1389345,140.8607333,0.5
351.6473863,140.7610903,0.5
94.60685388,141.8356466,0.5
224.2039393,141.21546,0.5
161.4122412,141.5729696,0.5
164.5203857,141.3803415,0.5
334.8013759,141.5799911,0.5
359.5081184,141.5703117,0.5
238.1633919,141.8839365,0.5
362.6131201,142.0895289,0.5
65.89580768,142.5214945,0.5
86.92087659,142.2224739,0.5
50.2270554,142.6664623,0.5
176.2611754,142.6855413,0.5
178.590167,142.7884921,0.5
232.1417042,142.7695475,0.5
316.9107071,142.6551386,0.5
241.8916337,142.9599962,0.5
246.6442957,143.3166111,0.5
264.1308604,143.205978,0.5
267.0095027,142.914431,0.5
294.2422806,142.8535651,0.5
307.7307371,143.1789434,0.5
312.7969336,143.1099352,0.5
56.2612353,143.3404085,0.5
101.4881581,143.2881254,0.5
228.5552522,143.2682608,0.5
324.6611984,143.2646829,0.5
134.0027499,143.7675559,0.5
354.7178914,143.7676086,0.5
320.7724985,144.3163353,0.5
351.6794552,144.1391581,0.5
18.1820583,144.3786462,0.5
54.04849985,144.7924715,0.5
300.1041728,145.1815187,0.5
297.1113391,145.3145761,0.5
42.3220284,145.812115,0.5
82.56082453,145.6776304,0.5
182.474615,145.6523338,0.5
344.6042558,145.8281004,0.5
235.0789584,145.9680414,0.5
315.2617621,145.9814107,0.5
174.1201457,146.4298277,0.5
207.4192283,146.420059,0.5
22.07715532,146.8335655,0.5
74.64041243,146.752993,0.5
92.69441744,146.7559706,0.5
112.6983372,146.6222821,0.5
147.5452205,146.7475559,0.5
227.9872172,146.6214052,0.5
322.3204989,146.9653701,0.5
60.82080952,147.1477886,0.5
105.9778821,147.3453656,0.5
295.2974579,147.2290772,0.5
67.27598294,147.8595313,0.5
156.7534245,147.7912484,0.5
265.4986225,147.9281596,0.5
109.33485,148.1852866,0.5
129.1910422,148.8403724,0.5
141.0073089,148.9061615,0.5
24.38470266,149.4217687,0.5
187.438235,149.2334719,0.5
192.4034572,148.9950447,0.5
302.4301604,149.2599085,0.5
79.49662777,149.89351,0.5
102.7457454,150.2248298,0.5
225.1651699,149.9775742,0.5
319.6865309,149.9966273,0.5
41.07519819,150.5089051,0.5
7.699621938,150.8147783,0.5
55.516207,151.1346003,0.5
122.6764928,151.3018013,0.5
270.6234995,151.0840394,0.5
240.6702414,151.4789534,0.5
369.8628234,151.4684967,0.5
381.0059961,151.4902787,0.5
29.81058892,152.5539919,0.5
96.03064336,152.2498772,0.5
149.2264416,151.6791045,0.5
153.2794437,152.5556438,0.5
222.7325391,152.2327952,0.5
80.19768042,152.7959053,0.5
289.1732798,152.0522388,0.5
317.5524835,152.6887926,0.5
12.51816266,152.9732192,0.5
73.54524195,153.0404585,0.5
112.9136937,153.6415599,0.5
36.66098574,153.8846035,0.5
138.26596,153.703553,0.5
205.346396,153.9036,0.5
98.47575102,154.4059756,0.5
70.85842929,154.442361,0.5
110.8267121,154.9692041,0.5
272.554672,155.0458993,0.5
94.64821149,155.4715502,0.5
121.0143301,155.3123008,0.5
132.3021477,155.3403838,0.5
140.181736,155.2543578,0.5
259.0501126,155.4249466,0.5
268.4193873,155.1979448,0.5
307.4789909,155.3512423,0.5
52.64841746,155.6859341,0.5
225.7808771,156.4297199,0.5
371.2804174,156.4567281,0.5
154.6709519,156.9325867,0.5
242.8931236,156.7077859,0.5
280.1673086,156.7180484,0.5
344.9029005,156.6971566,0.5
287.3489878,157.1632716,0.5
392.2138511,157.2780246,0.5
177.4173665,157.4284054,0.5
2.075904678,158.1479918,0.5
23.48804988,158.1369537,0.5
122.6738966,157.7829635,0.5
229.0318452,158.0790196,0.5
110.1995561,158.1744738,0.5
304.0743571,158.319876,0.5
148.2248235,158.878513,0.5
92.98088554,158.9370552,0.5
128.9399961,159.061941,0.5
131.8700076,158.8824234,0.5
263.349663,158.9161065,0.5
356.2630381,158.9496981,0.5
37.86133673,159.4176737,0.5
54.62169573,159.9536957,0.5
141.1897204,159.7133162,0.5
235.2982236,159.300172,0.5
237.6241999,159.2691291,0.5
80.70034457,159.8789317,0.5
145.1960069,159.9546612,0.5
173.706403,159.8116908,0.5
191.0214231,159.7061898,0.5
310.428774,159.8321296,0.5
210.8657365,159.8562062,0.5
268.8490686,160.3695215,0.5
390.6789298,160.0444805,0.5
182.9052416,160.5276492,0.5
256.9981603,160.7897219,0.5
27.25639361,161.1982622,0.5
110.133289,161.2050358,0.5
176.1573785,161.4334985,0.5
231.708583,161.4251368,0.5
298.6645733,161.4768857,0.5
304.7866289,161.1857906,0.5
307.9526583,161.6555188,0.5
14.52556124,162.1933089,0.5
83.99776091,162.1541836,0.5
103.5753661,162.2524393,0.5
166.2715104,162.1533348,0.5
212.232647,161.5707632,0.5
236.6315236,161.9477627,0.5
141.3731205,162.318093,0.5
113.3634186,163.2392278,0.5
210.7177901,163.4042467,0.5
258.4403311,163.4026497,0.5
350.333895,163.8019138,0.5
30.29421491,164.4944702,0.5
274.6360307,164.4922105,0.5
71.87766566,164.1359054,0.5
249.0692463,164.6455696,0.5
74.95768105,164.7489109,0.5
79.42401474,165.3281727,0.5
236.29581,165.5716465,0.5
263.6469486,165.519643,0.5
42.79079139,165.9487226,0.5
49.56849766,165.9662055,0.5
345.5827751,165.8207069,0.5
368.1794193,165.6460504,0.5
23.79003936,166.6674544,0.5
145.589372,166.9323657,0.5
319.6080642,167.0776582,0.5
115.2192761,167.4737739,0.5
126.1307912,167.1569882,0.5
178.9877837,167.1909445,0.5
29.69418601,167.5531119,0.5
167.1217542,167.5238202,0.5
374.4245565,167.516531,0.5
217.1838648,168.0001228,0.5
343.6584579,167.881643,0.5
79.08524042,168.264402,0.5
138.9801551,168.5774028,0.5
158.7936917,168.3240213,0.5
242.0426117,168.2609693,0.5
294.6887054,168.4545864,0.5
84.94788616,168.6560701,0.5
169.7779902,168.7050932,0.5
173.0584707,168.9075277,0.5
270.7324967,168.6642091,0.5
96.0636455,169.2819429,0.5
390.7771601,168.9791045,0.5
74.32410464,169.5431818,0.5
89.26672989,169.4112714,0.5
45.65861707,169.8515777,0.5
109.9662689,169.785027,0.5
244.2318071,169.8915594,0.5
291.3751252,170.6530209,0.5
256.337454,169.9565655,0.5
377.8480827,170.1410542,0.5
8.467419225,170.782477,0.5
14.12340101,170.9800237,0.5
150.1315619,170.8693055,0.5
78.40126608,171.2438919,0.5
16.78664573,171.7506244,0.5
64.35747509,171.8291994,0.5
256.3692569,171.6770276,0.5
133.9532158,172.6393646,0.5
218.6618833,172.3550205,0.5
76.21085084,172.8244337,0.5
306.7849138,173.0453349,0.5
298.9631648,173.2314741,0.5
392.2977183,173.2467299,0.5
386.8748077,173.5852036,0.5
127.8244737,174.3989025,0.5
233.8926623,174.4673481,0.5
61.77970185,174.6162268,0.5
107.5567629,174.7102583,0.5
37.21263984,174.8041983,0.5
225.3271464,175.1645774,0.5
301.3933853,174.9668167,0.5
139.7219912,175.9043497,0.5
217.2907456,175.8357797,0.5
251.3596527,175.7410153,0.5
288.0761234,175.8889619,0.5
338.6361796,175.6109553,0.5
168.4357288,176.1821871,0.5
298.5968284,176.2046377,0.5
394.2421236,175.9746322,0.5
9.195345139,176.6762726,0.5
44.73341072,176.7767376,0.5
54.31589058,176.2373377,0.5
182.3431806,176.5728058,0.5
14.86198152,176.7266684,0.5
111.2224039,177.3947926,0.5
12.32873144,177.3279473,0.5
77.03233275,177.2946955,0.5
20.96833181,177.6755901,0.5
29.73447068,177.7207314,0.5
253.2368986,177.5840748,0.5
310.3613383,177.7138667,0.5
116.0356996,178.3689814,0.5
36.32358944,178.8893294,0.5
316.6880154,178.8152719,0.5
50.1075503,179.4363957,0.5
369.3983938,179.2993384,0.5
24.97486117,179.5156615,0.5
289.7631871,179.4764711,0.5
8.897047062,180.61707,0.5
356.0021355,179.9886944,0.5
211.3337792,180.4778892,0.5
228.6909348,180.3887489,0.5
215.8363087,180.7194505,0.5
232.0221596,180.7832329,0.5
339.7140704,181.1640314,0.5
39.8772826,181.5045427,0.5
238.9606759,181.5079514,0.5
251.3471535,181.3586464,0.5
101.7153705,182.044892,0.5
258.9996174,181.8584581,0.5
270.7013581,181.5680561,0.5
301.8277889,181.7284329,0.5
104.7913546,182.1421658,0.5
134.2557715,182.1584646,0.5
261.5826041,182.1857823,0.5
94.38304173,182.7887233,0.5
107.0773572,182.4716374,0.5
143.3822253,182.5463691,0.5
146.3152929,182.4443378,0.5
32.84267772,182.9992221,0.5
64.64500877,183.2364635,0.5
123.2352766,183.0855,0.5
246.3372248,182.9587282,0.5
283.803962,182.8645007,0.5
392.6776612,183.0326911,0.5
41.63250522,183.4115514,0.5
211.0284091,183.3661309,0.5
254.7103305,183.1990928,0.5
67.62081629,183.6116707,0.5
348.196591,183.7737312,0.5
15.43940862,184.0265595,0.5
184.6459724,183.9463816,0.5
4.348748625,184.4817966,0.5
342.1701686,184.3431098,0.5
390.0548922,184.3767384,0.5
10.01761849,184.9384494,0.5
69.78945285,184.6581617,0.5
75.52932957,185.3336629,0.5
45.68376841,185.5672498,0.5
100.3867293,185.2785802,0.5
158.211907,185.0616844,0.5
175.7988825,186.1240004,0.5
180.2194146,185.9240819,0.5
208.940871,185.9648143,0.5
223.3889094,186.0348582,0.5
255.4464887,185.7339153,0.5
261.5965114,186.0285959,0.5
302.9254174,185.7908614,0.5
314.4092523,186.433346,0.5
392.5425281,186.1880631,0.5
306.2180418,186.6058745,0.5
41.47961581,187.0620327,0.5
38.94725213,187.4775043,0.5
399.6132369,187.5022072,0.5
27.19985937,188.0050154,0.5
59.25801555,187.9920129,0.5
56.07242012,188.217212,0.5
201.3203435,188.248207,0.5
237.363066,188.2295137,0.5
338.1083343,188.2337133,0.5
395.6732678,188.1803997,0.5
118.2720769,188.5436396,0.5
317.1196091,188.5926532,0.5
359.6669152,188.5525359,0.5
386.4908382,188.6672416,0.5
9.144587779,189.072259,0.5
78.46754734,189.0351874,0.5
288.902344,189.5668318,0.5
297.6454896,189.0590454,0.5
302.1936323,188.8266356,0.5
356.3605072,188.8641711,0.5
364.7488568,188.8875271,0.5
6.516798189,189.1744606,0.5
391.6907148,189.7639922,0.5
32.70684128,190.0232011,0.5
105.3303689,190.416314,0.5
181.5319883,190.3806721,0.5
218.8430334,190.4120158,0.5
250.6624331,190.4688511,0.5
38.13109451,190.9693258,0.5
189.9075215,190.6761889,0.5
245.4363587,190.8294361,0.5
267.4918147,190.6745589,0.5
211.3452511,191.1546222,0.5
292.361703,191.053458,0.5
29.4561267,191.43759,0.5
44.17309667,192.1303903,0.5
214.0680399,191.5853954,0.5
358.1377742,191.3672566,0.5
383.7620009,191.6978189,0.5
40.36399737,191.7864983,0.5
124.3870322,191.8442126,0.5
169.9611176,192.0321541,0.5
319.508467,191.8585779,0.5
174.2552552,192.3617012,0.5
153.0257211,192.8285429,0.5
91.27442605,192.3507463,0.5
220.0451165,193.1896946,0.5
238.7141457,193.1257018,0.5
32.1087266,193.5057382,0.5
98.09528875,193.4565082,0.5
217.7358569,193.8417675,0.5
201.7205421,194.082986,0.5
224.9157278,194.3508484,0.5
399.8008482,193.8538928,0.5
311.2622857,194.619723,0.5
122.4390043,194.8633856,0.5
140.4510348,194.5475833,0.5
155.3438312,194.9552529,0.5
89.16732598,195.1047364,0.5
92.94991024,195.2545361,0.5
262.9138555,195.0251383,0.5
328.3703242,195.5564872,0.5
151.8929351,195.5052406,0.5
295.9467019,195.7150165,0.5
43.53470073,196.1075634,0.5
204.7399752,196.0291,0.5
260.8992524,195.8626873,0.5
293.3841094,196.1637281,0.5
360.341779,195.9077115,0.5
375.8978042,196.2052225,0.5
323.3573079,196.8286768,0.5
352.919103,196.9044325,0.5
141.2301169,196.8897634,0.5
384.399012,197.3459249,0.5
245.8882645,197.5902486,0.5
113.2489224,197.7379279,0.5
153.3284955,197.7084061,0.5
161.7273804,198.0056541,0.5
289.2046873,197.5302283,0.5
58.40665549,198.3829328,0.5
107.7366399,198.3293876,0.5
119.3974817,198.2561516,0.5
173.7387268,198.1239712,0.5
231.8955426,198.1322151,0.5
285.9932217,197.7183893,0.5
330.8204051,198.395661,0.5
374.6371508,198.6995089,0.5
110.2006964,198.8069259,0.5
116.0618245,198.7844749,0.5
209.1460192,198.6055487,0.5
361.5833124,198.6458053,0.5
65.05435733,199.1867883,0.5
128.3677529,199.0014953,0.5
220.0763881,199.0192396,0.5
237.5934153,199.1848521,0.5
254.0833244,199.0064839,0.5
304.6217481,199.1193593,0.5
41.26382735,199.347585,0.5
79.46083705,199.2256983,0.5
277.1834714,199.1166471,0.5
381.6943288,199.5638148,0.5
136.8757718,200.1892939,0.5
316.070921,200.1314098,0.5
275.6650765,200.2716918,0.5
74.14965898,201.0543085,0.5
160.5405907,201.0411227,0.5
206.9397275,201.0791377,0.5
365.4729648,201.2228229,0.5
212.2756493,201.7187227,0.5
264.921205,201.6472029,0.5
342.987465,201.7955189,0.5
385.1143709,201.749426,0.5
91.49430164,202.2128608,0.5
286.9277933,202.6155283,0.5
376.4859197,202.6118405,0.5
122.5638096,202.9794104,0.5
45.4408608,203.6808285,0.5
49.33626962,203.422637,0.5
174.6081291,203.5793223,0.5
199.8981833,203.351307,0.5
240.3661007,203.6094029,0.5
7.213536714,203.9007959,0.5
37.35207223,203.8388004,0.5
56.78808136,203.8111802,0.5
112.7238331,204.0437898,0.5
155.3875456,203.79859,0.5
59.48507705,204.7275738,0.5
203.1955507,204.5455043,0.5
229.0827345,204.4750273,0.5
18.85388957,205.1132838,0.5
128.1053831,204.9244371,0.5
243.9955365,204.8483393,0.5
71.26093528,205.3425617,0.5
253.6230393,205.3668065,0.5
120.0867736,205.7387438,0.5
364.697609,205.5958203,0.5
389.9028177,206.262422,0.5
394.2743855,206.2121582,0.5
62.73803319,206.8248222,0.5
274.149581,206.7133844,0.5
310.6956662,207.0321138,0.5
318.42513,206.9126943,0.5
363.1435041,206.533261,0.5
49.01581431,207.3439362,0.5
97.14942842,207.2575706,0.5
251.6116578,207.1843255,0.5
123.8295996,207.6370076,0.5
182.649443,207.4748218,0.5
303.1089212,207.927449,0.5
306.4569212,207.727054,0.5
314.1655756,207.5517432,0.5
39.51448208,208.0756058,0.5
132.7252581,208.1844901,0.5
157.5214599,208.0751097,0.5
218.9723617,208.0834087,0.5
245.6239016,208.4580038,0.5
22.47850774,208.8240281,0.5
70.74390891,208.7811594,0.5
370.6831308,208.8083336,0.5
5.534018449,209.217624,0.5
26.89754125,209.2871652,0.5
55.1877467,209.5842891,0.5
58.92533724,209.5205255,0.5
129.7821779,209.3873845,0.5
324.567945,209.3614086,0.5
91.63914192,210.1698363,0.5
119.0847352,210.1687515,0.5
159.4357045,210.0881031,0.5
258.9833706,210.1189612,0.5
124.1321257,210.7029871,0.5
85.04698343,210.8856107,0.5
157.1777262,210.9961618,0.5
247.8531676,210.8089863,0.5
78.98647202,211.4798876,0.5
168.9611314,211.3056832,0.5
234.9391319,211.1683049,0.5
70.33725245,211.6965397,0.5
132.954936,211.5440045,0.5
315.5585448,212.3184702,0.5
163.3433465,212.9302914,0.5
117.6969399,213.2693938,0.5
174.5409858,213.0742043,0.5
263.7835271,213.331056,0.5
354.0463638,213.0034396,0.5
53.28791389,213.6273867,0.5
131.0445605,213.5535311,0.5
227.068101,213.1724081,0.5
240.4110573,213.4169972,0.5
1.192167912,213.8816131,0.5
47.64946824,214.0093409,0.5
57.22382981,214.1020747,0.5
308.3939037,213.8440193,0.5
9.921459865,214.3163449,0.5
141.3211648,214.154375,0.5
272.5744209,213.619403,0.5
335.7949836,214.7851584,0.5
279.6402466,215.1520925,0.5
29.17562266,215.4929568,0.5
305.1368566,215.4199899,0.5
146.4705587,215.982907,0.5
42.39302197,216.3149465,0.5
158.5823692,216.0328997,0.5
311.827294,216.289148,0.5
358.7221572,216.2962754,0.5
53.88820135,216.6684501,0.5
330.1988958,216.9080398,0.5
394.8666494,217.0208264,0.5
10.17997313,217.3729067,0.5
237.0109557,217.4223934,0.5
56.40963755,217.8479341,0.5
89.50306942,217.8547311,0.5
376.3299695,217.6071333,0.5
322.2631307,218.1245315,0.5
99.74927233,218.2971862,0.5
166.2368952,218.3699841,0.5
208.2797854,218.3476316,0.5
229.311185,218.5825853,0.5
7.073021836,218.8023272,0.5
283.7803216,218.8607562,0.5
3.936615847,219.4013953,0.5
43.17768947,219.2298547,0.5
105.4403716,219.1390177,0.5
248.6009277,219.2470102,0.5
325.9139082,219.2850756,0.5
234.3874161,219.5411027,0.5
257.2995355,218.9901527,0.5
69.63523849,219.9368202,0.5
364.5355067,220.0915646,0.5
269.7992589,220.3220329,0.5
34.49686604,220.5701271,0.5
200.6593586,220.9665981,0.5
277.2193638,221.1492998,0.5
349.666439,221.0611338,0.5
356.4077832,220.8952151,0.5
153.03493,221.3717523,0.5
258.3720893,221.1859172,0.5
389.0318274,221.4350957,0.5
44.89173569,221.7413732,0.5
338.196599,221.9423669,0.5
344.9807676,222.1536637,0.5
110.9413081,222.6537165,0.5
205.7432016,222.413791,0.5
247.5491028,222.9722087,0.5
370.1740201,222.8728043,0.5
385.0627064,222.784897,0.5
380.8424515,223.2067407,0.5
327.6031871,223.6091599,0.5
242.4164822,224.1284173,0.5
114.1659147,224.6459991,0.5
266.577145,224.267451,0.5
19.8946368,224.7015286,0.5
84.82647318,224.8364097,0.5
355.8943641,224.9264491,0.5
141.1714939,225.1980239,0.5
165.2663374,225.0455828,0.5
250.4930562,225.2848047,0.5
279.9109606,225.0875776,0.5
303.1098605,224.9855983,0.5
292.5487789,225.4532722,0.5
230.4137961,226.7757275,0.5
0.4066493499,226.3286774,0.5
143.4362152,226.2480151,0.5
325.6185244,226.4594335,0.5
86.3930022,226.8153253,0.5
162.4959443,226.7970458,0.5
237.7573468,226.7936228,0.5
243.6153442,226.675319,0.5
33.01492984,227.151748,0.5
135.4482483,227.060051,0.5
146.0870694,227.1810254,0.5
100.7544756,227.3741837,0.5
124.4695471,227.4023405,0.5
113.6323492,227.8839913,0.5
14.89420926,228.4321217,0.5
258.0758162,228.6022495,0.5
60.9107222,228.8404799,0.5
82.23640467,228.9996326,0.5
93.76286264,229.135626,0.5
282.012592,228.719274,0.5
211.8584061,229.0571391,0.5
214.2159846,229.3454435,0.5
10.96264561,229.646998,0.5
18.07526796,230.2041293,0.5
102.5298738,230.3073328,0.5
201.2619659,230.5910787,0.5
239.3533966,230.7170053,0.5
271.9810088,230.9825361,0.5
391.9248094,230.7771958,0.5
277.9240316,231.1068871,0.5
317.9091877,231.1397704,0.5
325.4622675,231.1386163,0.5
88.4632044,231.06628,0.5
335.8844713,231.296351,0.5
123.895943,231.7965015,0.5
160.0909341,232.0388883,0.5
211.7145369,232.0172007,0.5
280.2037686,231.721136,0.5
298.7767898,231.5811961,0.5
393.7404756,232.3846316,0.5
9.678248881,232.9578821,0.5
133.7103966,232.9781647,0.5
141.1163709,233.2258814,0.5
231.9333312,233.3247846,0.5
342.8580841,233.3605935,0.5
387.3984999,233.4350376,0.5
20.91994606,233.711366,0.5
330.4429953,233.7283157,0.5
120.9764817,234.2555623,0.5
298.5596455,233.7935699,0.5
318.6340898,234.0970902,0.5
7.190734678,234.6734308,0.5
69.50015745,234.4036615,0.5
137.2753032,234.9931584,0.5
212.3769736,234.8900394,0.5
255.4680727,234.8949125,0.5
37.4781021,235.3660442,0.5
225.9119492,235.3927548,0.5
262.1816291,235.3079221,0.5
276.3236729,235.5618786,0.5
239.8784561,235.9939028,0.5
341.7462647,236.1315472,0.5
32.97003319,236.4568674,0.5
56.45466879,236.4486329,0.5
195.2388884,236.4712242,0.5
9.309649048,236.8377358,0.5
306.7506803,236.7649787,0.5
91.19468051,237.0377076,0.5
141.5730166,237.1073343,0.5
249.2386308,237.2398922,0.5
253.4817342,237.1692833,0.5
303.663052,237.0766239,0.5
324.5832704,237.2428157,0.5
138.2455216,238.016439,0.5
212.7102804,237.9224727,0.5
224.3153523,237.7440257,0.5
397.6153922,237.6814878,0.5
193.2692944,238.5141511,0.5
370.018395,238.6361614,0.5
373.367495,238.7319701,0.5
25.22449552,239.0284812,0.5
110.0236314,238.9828951,0.5
149.3630042,238.9175725,0.5
205.1774742,238.847996,0.5
331.7877375,238.8388505,0.5
359.5385325,238.8514532,0.5
52.95474504,239.6573442,0.5
121.8801749,239.2786208,0.5
5.14621703,240.2638616,0.5
244.5428512,240.0732631,0.5
376.6047172,239.9980424,0.5
104.8839592,240.3924242,0.5
398.8800855,240.3039429,0.5
10.70725909,240.8704675,0.5
266.088082,240.90888,0.5
37.01198225,241.0903546,0.5
76.36402058,241.4250233,0.5
301.5949504,241.7439708,0.5
92.46184494,242.0090165,0.5
307.4509031,242.1326096,0.5
117.2653716,243.0688163,0.5
149.4630079,242.3018476,0.5
211.9145521,242.5383022,0.5
205.0797604,242.5603713,0.5
315.1187168,242.5446399,0.5
44.2496276,243.0024774,0.5
244.4808185,243.2111783,0.5
359.4123312,243.0982665,0.5
374.7778526,242.9529327,0.5
4.059926009,243.6535655,0.5
284.8772449,243.4206084,0.5
287.164562,243.3832773,0.5
303.3230352,243.481887,0.5
8.792913004,243.753659,0.5
99.74847572,243.8153642,0.5
168.5965865,243.7290041,0.5
333.6802417,243.8959667,0.5
179.3265301,244.2524938,0.5
202.1169295,244.1108093,0.5
81.65981649,244.7849251,0.5
210.2241433,244.6858874,0.5
340.8465227,244.469402,0.5
363.1549687,244.4025902,0.5
399.7526757,244.5077966,0.5
230.0477902,244.9153698,0.5
357.3561723,245.4188874,0.5
24.70029147,246.0875467,0.5
116.5542537,246.3010625,0.5
99.6339394,246.4984814,0.5
31.9136689,246.8076529,0.5
73.76316695,247.5361221,0.5
96.15185594,247.3300678,0.5
127.6314766,247.3793998,0.5
251.3545733,247.2909777,0.5
157.2367036,247.4669424,0.5
176.6550895,247.7005019,0.5
301.6967172,247.4501313,0.5
198.0530149,247.917714,0.5
77.0741179,248.3468837,0.5
101.7565068,248.3697513,0.5
159.4769264,248.4390207,0.5
41.63705428,248.8331051,0.5
98.05618732,249.1500024,0.5
254.3096291,248.8794872,0.5
266.8073136,248.3208955,0.5
275.9905045,248.9773189,0.5
362.1665696,248.5158281,0.5
273.406528,249.2833596,0.5
321.532731,249.2924564,0.5
278.0715554,249.7231939,0.5
214.3743268,250.0743353,0.5
267.1893177,250.3188816,0.5
70.39155255,250.4775193,0.5
135.2545846,250.5763292,0.5
194.3884451,250.4760672,0.5
103.5457519,251.0335665,0.5
145.2537597,250.889168,0.5
184.7005336,250.9992354,0.5
271.3251319,250.8290568,0.5
332.0707769,251.1163523,0.5
30.15819425,251.6391117,0.5
42.05015046,251.8191453,0.5
60.66582098,251.5296365,0.5
72.58619323,251.6950733,0.5
320.2763147,251.6222806,0.5
62.96298056,251.4266666,0.5
83.64393094,252.1383898,0.5
112.1695877,252.1094811,0.5
204.5286575,252.013865,0.5
67.36149348,252.7106882,0.5
78.27445668,252.3803346,0.5
160.0666718,252.4063182,0.5
10.04536504,252.9710627,0.5
17.03988236,252.7461185,0.5
394.513581,252.6782593,0.5
6.438794119,253.3958388,0.5
101.3615299,253.282175,0.5
136.9672367,253.1997246,0.5
348.4853664,253.1838835,0.5
351.886619,252.9844929,0.5
333.7018158,253.4006307,0.5
364.9638426,253.6338518,0.5
115.9772906,253.934104,0.5
211.3085405,253.7886545,0.5
327.9293034,253.9734356,0.5
177.7797173,254.260761,0.5
14.84684485,254.8234283,0.5
82.46261103,254.8042369,0.5
121.0255475,254.5721196,0.5
167.286019,255.077515,0.5
199.6160351,255.1311966,0.5
202.5854848,255.0645872,0.5
287.185268,255.0318473,0.5
303.0575187,255.2188594,0.5
309.3453715,254.9715959,0.5
29.23741731,255.3857944,0.5
107.4055749,255.3763267,0.5
99.87925411,255.9072426,0.5
159.4029556,255.9794482,0.5
56.66520872,256.6677269,0.5
324.3286315,256.5507408,0.5
334.1398259,256.4060252,0.5
109.6629631,256.7479312,0.5
116.7497937,256.9830223,0.5
130.2137986,256.9056067,0.5
135.6992554,256.8574799,0.5
212.3810344,256.9543622,0.5
290.6405041,256.870427,0.5
124.5203762,257.1604817,0.5
294.743974,257.1734718,0.5
4.983513841,257.6880034,0.5
280.5586595,258.1142653,0.5
339.981075,257.9303148,0.5
161.6131719,258.1472719,0.5
185.408064,258.2480349,0.5
292.6523432,258.4983801,0.5
376.2493671,258.3088275,0.5
322.3383012,258.7142628,0.5
385.8980288,260.2995426,0.5
238.416156,259.5993908,0.5
351.9340935,259.6921336,0.5
80.70125685,259.7867663,0.5
89.17956416,260.025938,0.5
126.8090262,259.8232045,0.5
287.5776884,259.813708,0.5
268.0666823,260.4107091,0.5
338.6291264,260.1945711,0.5
57.32035612,260.684391,0.5
181.4529985,260.6228229,0.5
0.6069336624,260.9518196,0.5
219.1185293,260.8115295,0.5
123.9631777,261.5155819,0.5
347.564115,261.3591279,0.5
259.4141326,261.8807447,0.5
308.4368238,261.3768934,0.5
365.5398679,262.2161938,0.5
255.421069,262.3758363,0.5
375.1535065,262.4779178,0.5
141.3433872,262.8922914,0.5
165.7773957,263.8305313,0.5
201.7533922,263.7492944,0.5
266.1049848,263.5461771,0.5
324.010395,263.719848,0.5
2.594270425,264.3687075,0.5
25.73615299,263.9976547,0.5
75.99424843,264.3432977,0.5
125.5592249,264.6947993,0.5
58.29197903,265.1684677,0.5
92.66191914,265.0541309,0.5
33.99976309,265.5517605,0.5
99.08122049,265.4969339,0.5
111.4641327,265.4204488,0.5
169.9779505,265.6049574,0.5
78.47184832,266.0161591,0.5
205.9572399,266.2086251,0.5
228.7074883,266.2058513,0.5
317.3566472,266.5481011,0.5
4.28237345,267.1535575,0.5
147.759913,266.9488623,0.5
244.7430884,267.122892,0.5
298.4631795,266.8337693,0.5
347.8178063,267.0050942,0.5
29.96040222,267.3290618,0.5
391.3244475,267.6060527,0.5
122.7256634,267.6218164,0.5
282.0935202,267.8773219,0.5
26.56690096,268.1900101,0.5
69.56156554,268.5155442,0.5
81.08866898,268.4664861,0.5
111.9719809,268.5545598,0.5
114.3889397,268.6491468,0.5
204.564498,268.5743902,0.5
294.6880847,268.2503468,0.5
145.6488967,269.018463,0.5
78.37223905,269.2344524,0.5
162.327752,269.183948,0.5
193.6995593,269.3156935,0.5
17.20648291,269.565692,0.5
98.95776492,270.1586189,0.5
199.3372742,270.0637346,0.5
315.9805501,269.8463562,0.5
13.43868223,270.5815577,0.5
64.86188403,270.4651981,0.5
88.72295368,270.3072446,0.5
36.28326217,270.5123374,0.5
186.49764,270.1541208,0.5
226.6050857,270.7978364,0.5
347.055337,270.6931176,0.5
5.810727436,271.0419916,0.5
93.5302391,270.3358209,0.5
294.092827,270.5202467,0.5
44.81729816,271.4710351,0.5
48.85849648,271.4086395,0.5
140.9095694,271.3486316,0.5
231.5644136,271.5468466,0.5
330.9981042,271.8517771,0.5
0.6143823356,271.9879833,0.5
100.6017516,272.2424272,0.5
159.2039992,272.3277547,0.5
34.11162215,272.4489022,0.5
71.22448795,273.7520043,0.5
120.2160596,272.4922159,0.5
270.0565091,272.4259974,0.5
307.7341595,272.7152963,0.5
93.61873645,272.9054699,0.5
183.5976794,272.8824825,0.5
395.8844083,272.7502596,0.5
36.92245484,273.2753033,0.5
132.0332816,273.267623,0.5
336.4051336,273.3805449,0.5
112.8574079,273.6533061,0.5
240.9677394,273.7360066,0.5
301.2257754,273.740833,0.5
31.33837532,273.9168026,0.5
262.9121519,274.225967,0.5
244.4264666,274.3951675,0.5
317.8202756,274.5529,0.5
328.2892121,274.3389184,0.5
350.6293924,274.1780953,0.5
101.2347795,274.8716599,0.5
122.9126735,274.8695753,0.5
221.8955054,274.8128215,0.5
0.2307894411,274.8745973,0.5
68.01397854,275.2545509,0.5
276.2084307,275.0545321,0.5
296.474598,275.0355911,0.5
312.608577,275.2244092,0.5
381.1346317,275.1592691,0.5
196.0179441,275.5644112,0.5
129.3471144,275.9502458,0.5
207.6927861,275.9980781,0.5
226.3135675,275.926787,0.5
353.3125275,275.9334247,0.5
371.0414784,276.0268599,0.5
3.026883489,276.2912483,0.5
145.0866467,276.6990521,0.5
82.34341967,277.1608853,0.5
164.0137513,276.9278344,0.5
348.3364254,277.03626,0.5
167.8133078,278.5486162,0.5
43.95978294,277.7855672,0.5
97.55079026,277.8685394,0.5
194.851944,277.8621407,0.5
298.1788162,277.987661,0.5
5.4688649,279.3426888,0.5
200.0805624,278.4741381,0.5
35.60528226,278.684353,0.5
48.23227845,278.6971869,0.5
330.9950609,278.9878705,0.5
115.7741062,279.4499065,0.5
132.1197276,279.3564377,0.5
228.5089972,279.311902,0.5
242.0847125,279.2302029,0.5
2.538956644,279.106411,0.5
70.55595892,279.9306943,0.5
254.2683951,279.5566671,0.5
287.4381932,279.770095,0.5
265.4004981,280.0443772,0.5
76.73861432,280.6212344,0.5
81.5937155,280.296603,0.5
145.7811077,280.3184308,0.5
19.24014367,280.8897543,0.5
56.30978665,281.1785202,0.5
135.5963659,281.5696498,0.5
294.0951154,281.2481837,0.5
32.2450118,281.6739284,0.5
107.0705179,281.6454161,0.5
112.4431359,281.5914389,0.5
398.5936654,281.5993769,0.5
150.2608202,282.0751758,0.5
239.2849786,281.9547743,0.5
48.09953641,281.7141405,0.5
199.8169697,282.261788,0.5
60.72995511,282.8216019,0.5
93.25268952,282.6316157,0.5
123.0837089,282.5518408,0.5
204.5045082,282.6234187,0.5
364.3778513,282.4739646,0.5
394.6292157,282.6173764,0.5
81.47942723,283.1943965,0.5
186.9218369,283.0304443,0.5
125.4412924,283.4643063,0.5
139.2410323,283.4431464,0.5
318.759186,283.4473889,0.5
23.23727696,283.9975441,0.5
227.189819,283.8876963,0.5
166.0896636,283.8141766,0.5
254.567791,284.1878004,0.5
62.60733412,284.4344149,0.5
132.5813198,284.4536096,0.5
121.5944327,284.8739793,0.5
336.7208265,284.7395021,0.5
398.3246363,284.7700864,0.5
158.0421676,285.3101091,0.5
174.1076119,285.4721227,0.5
391.1849546,285.1403413,0.5
278.9868436,285.6768341,0.5
288.3998648,285.1238108,0.5
81.86019758,285.9742055,0.5
103.9423813,285.9811564,0.5
303.0217617,285.9838334,0.5
161.5703409,286.3657118,0.5
69.07632561,286.9055726,0.5
112.4920991,286.6785229,0.5
135.0935301,286.9253754,0.5
192.5746511,286.7990463,0.5
209.0157009,286.8833122,0.5
20.34596374,287.1026155,0.5
143.1324136,287.1765218,0.5
286.6286134,287.062945,0.5
300.5100946,287.301805,0.5
180.9962314,287.5605212,0.5
241.5383754,287.897526,0.5
372.6921859,287.7111268,0.5
221.9946751,288.6900626,0.5
235.0605674,288.4744808,0.5
344.1699987,288.641826,0.5
29.88935511,288.9622662,0.5
65.4847958,288.9321084,0.5
81.5771083,288.9204936,0.5
140.1638578,289.2447491,0.5
248.2968002,288.9570352,0.5
60.32616756,289.2754128,0.5
314.8884348,289.2630662,0.5
336.4228141,289.2185108,0.5
0.3371190076,289.6756309,0.5
35.01325535,289.6782942,0.5
102.5126788,289.6928825,0.5
290.8501889,289.7779833,0.5
76.42348343,290.8280409,0.5
186.7695959,290.4704226,0.5
84.58281353,290.9109206,0.5
91.23617347,291.145048,0.5
152.3464639,291.0622972,0.5
62.79906335,291.4467005,0.5
180.5924063,291.1887212,0.5
231.4306825,290.6499916,0.5
241.5458209,291.3128229,0.5
371.6059012,291.1001755,0.5
36.89031477,291.789005,0.5
97.81134469,291.6279676,0.5
104.2133514,292.0067876,0.5
388.3712811,292.1727092,0.5
29.8173119,292.3604647,0.5
43.98977134,292.3154153,0.5
187.0567058,292.8843685,0.5
251.9111528,292.3569575,0.5
379.7725586,292.4015865,0.5
192.9372421,292.8183734,0.5
317.0401306,292.9912027,0.5
0.8502391651,293.5738447,0.5
258.6457333,293.3825949,0.5
144.7203995,293.783988,0.5
235.6353772,293.9179071,0.5
64.63653585,294.4252871,0.5
364.7109585,294.1525976,0.5
3.06978376,294.6250835,0.5
333.6801154,294.5272903,0.5
389.6842256,294.6161717,0.5
112.5869508,294.9202218,0.5
222.1945524,295.1800222,0.5
7.078243947,294.8414966,0.5
92.36982765,295.5186953,0.5
253.4519019,295.3757979,0.5
256.2818044,295.4012498,0.5
336.8247089,295.2477222,0.5
11.00034562,295.6398308,0.5
323.1986754,295.6239283,0.5
25.10907725,296.1657574,0.5
27.45194558,296.0435557,0.5
138.4463829,296.0171179,0.5
300.7084243,296.0779097,0.5
35.55545463,296.3953808,0.5
79.13704041,296.3969547,0.5
185.6449703,296.1674071,0.5
375.1818273,296.7655023,0.5
146.1709919,297.2794739,0.5
174.4229433,297.4985098,0.5
364.4532315,297.1559228,0.5
48.89512389,297.7872358,0.5
235.9559224,297.6540591,0.5
204.7273138,297.8664924,0.5
262.3066104,297.2014925,0.5
389.2011737,297.8743826,0.5
262.278146,298.9273234,0.5
372.9609075,298.2634258,0.5
120.4618996,298.6428051,0.5
171.5531087,298.8436258,0.5
330.0095742,298.7608496,0.5
51.18853655,299.6519066,0.5
1.040174164,299.8540465,0.5
313.4715467,299.9634209,0.5
150.5706149,300.1079528,0.5
178.0562716,300.1239521,0.5
233.7836902,300.0775996,0.5
264.5312638,300.3213574,0.5
111.4027906,301.1785877,0.5
25.9949738,301.4635878,0.5
337.9464565,301.7438488,0.5
183.5117329,302.0168026,0.5
156.702572,302.514959,0.5
317.0283048,302.2818398,0.5
57.28072255,303.4289809,0.5
69.84823763,303.3117525,0.5
136.9872215,303.7952657,0.5
227.4670409,303.6212739,0.5
53.06503528,304.0028505,0.5
130.3120116,303.89545,0.5
235.5789347,304.4535201,0.5
113.2673791,304.6329361,0.5
330.1498832,304.6521517,0.5
265.4730673,305.1809287,0.5
351.7170432,305.0411952,0.5
356.075573,305.2344355,0.5
6.534739651,305.8727754,0.5
32.24730394,305.5114768,0.5
66.09185526,305.66217,0.5
73.19953364,305.4232528,0.5
223.6408434,305.5920109,0.5
55.73132163,305.9063668,0.5
186.0410573,306.0868819,0.5
75.34498282,306.6569159,0.5
137.360764,306.7405985,0.5
252.0920118,307.1556198,0.5
287.1908232,306.7862988,0.5
398.9122157,306.8634666,0.5
13.01867377,307.4516243,0.5
30.27775632,307.41931,0.5
116.7454312,307.2621508,0.5
206.64912,307.404519,0.5
249.0115915,307.1867639,0.5
276.6804645,307.2313363,0.5
396.4756884,307.2947041,0.5
9.210430702,307.7234194,0.5
68.2630622,307.3070512,0.5
2.659383467,308.1595397,0.5
231.5100298,308.0437967,0.5
314.9487402,308.1252591,0.5
356.8781216,308.0933319,0.5
282.3994874,308.5545793,0.5
225.1844367,308.8585987,0.5
34.2858091,309.172365,0.5
124.5884518,309.5032522,0.5
285.9602758,309.5107766,0.5
320.6765468,309.6162058,0.5
394.641351,309.4895285,0.5
118.2198081,310.4785463,0.5
6.372427597,310.7902616,0.5
227.6571469,310.8603357,0.5
31.00545615,310.9991003,0.5
50.63333196,310.9870792,0.5
73.7246452,311.1751654,0.5
326.0318043,311.0812246,0.5
121.8903117,311.310469,0.5
220.0600654,311.4747913,0.5
187.7748534,311.1949055,0.5
302.1033828,311.7244165,0.5
311.7064842,311.7663364,0.5
243.9283402,312.0145809,0.5
279.986975,312.2503256,0.5
286.0497395,312.5107794,0.5
351.6152421,312.5945053,0.5
393.0152525,312.5302053,0.5
2.249150479,312.8510986,0.5
46.11629953,313.2347575,0.5
127.6806873,313.2797233,0.5
190.8191197,313.2980767,0.5
259.6391036,313.2652472,0.5
26.89155641,313.3305443,0.5
164.0326949,313.7884411,0.5
36.63671181,313.9818685,0.5
51.8820248,314.2142994,0.5
123.3212949,314.2956935,0.5
151.0297215,314.3258778,0.5
247.5367212,314.3225776,0.5
237.3797446,314.6315027,0.5
262.6656485,314.3698332,0.5
272.8068862,315.4577774,0.5
331.5109532,316.0159875,0.5
343.9279868,315.441715,0.5
357.8031779,315.5606391,0.5
382.0168266,315.3601325,0.5
78.39869509,315.9643003,0.5
93.07101663,315.8403472,0.5
229.9139111,316.1070926,0.5
46.19312631,316.4062614,0.5
170.851825,316.2057903,0.5
285.577542,316.2189654,0.5
213.9935488,316.8264598,0.5
239.5083973,316.8315395,0.5
102.6560247,317.1556643,0.5
110.2059038,317.3705375,0.5
224.2154099,317.8198682,0.5
259.1185339,317.7269632,0.5
361.7599928,317.7704536,0.5
105.2043051,318.0124961,0.5
352.2368821,318.1279277,0.5
215.9313769,318.6703652,0.5
289.4436406,318.9945453,0.5
116.9505718,319.1600426,0.5
390.3587211,319.3308236,0.5
160.3016464,319.6688191,0.5
1.529021501,319.9616696,0.5
4.064724941,320.4672156,0.5
14.37633513,320.9638555,0.5
48.60717988,320.388589,0.5
51.65409341,320.8169362,0.5
102.9524926,320.7145319,0.5
174.9725553,320.7258847,0.5
182.1239239,320.7149486,0.5
303.6998536,320.6084582,0.5
17.8720968,321.2418194,0.5
280.2950713,321.0894898,0.5
71.86776124,321.9847186,0.5
388.8863937,321.8308902,0.5
81.27472654,322.3366479,0.5
132.6638264,322.1201178,0.5
42.90040396,323.1882924,0.5
242.4427832,323.3052119,0.5
219.0476866,323.4701809,0.5
50.83052166,323.7146363,0.5
83.25919021,323.7353909,0.5
90.96820642,323.7627078,0.5
275.000528,323.5533794,0.5
346.8690655,323.8377176,0.5
48.30407627,323.6913521,0.5
215.4529903,323.9848214,0.5
38.55034083,325.1807205,0.5
44.73583353,325.3377477,0.5
221.5948508,325.2453852,0.5
289.4337031,325.1604641,0.5
367.4278749,325.2271167,0.5
103.5586896,325.5825359,0.5
191.9958138,325.8250929,0.5
352.9106501,325.5397869,0.5
0.8094638934,325.7623789,0.5
86.9313057,326.0645009,0.5
120.4228684,326.1874716,0.5
174.2257609,325.9017294,0.5
391.9867482,326.0253054,0.5
398.4119567,325.8176618,0.5
34.21866808,326.3600153,0.5
105.7784718,327.085842,0.5
160.2378643,326.6727004,0.5
379.2842601,326.8266082,0.5
81.25205371,327.2959995,0.5
210.4886135,327.2475475,0.5
282.9927639,327.438376,0.5
303.482097,327.3425276,0.5
127.4014545,327.7483381,0.5
346.8577307,327.8356416,0.5
1.786054645,328.2274145,0.5
46.49859209,328.1578661,0.5
51.05950065,327.8050358,0.5
260.750042,328.1770449,0.5
317.1200101,328.3049012,0.5
59.2938947,328.8724924,0.5
144.3690011,328.5912793,0.5
176.6531608,328.4715265,0.5
280.737188,328.4740129,0.5
196.3686803,328.9247892,0.5
291.4565712,328.8009285,0.5
340.1728377,329.3666051,0.5
80.00820048,329.9864983,0.5
277.080243,329.195392,0.5
136.1857365,330.084111,0.5
247.5516251,330.2018776,0.5
32.26747359,330.6644321,0.5
117.340683,330.5874142,0.5
206.5906623,330.3644275,0.5
238.396192,330.434551,0.5
41.51597162,330.7293485,0.5
46.22165938,331.3128862,0.5
99.01491268,330.9415852,0.5
52.07651752,330.8287521,0.5
96.28835925,331.4989309,0.5
330.6012653,331.0269171,0.5
7.923760854,331.6641516,0.5
20.40993824,331.9923464,0.5
161.2884785,331.4919872,0.5
321.1250748,331.6270362,0.5
58.49563791,331.9247377,0.5
156.7500645,331.8928997,0.5
147.8269694,332.4091239,0.5
281.930642,332.3968565,0.5
312.8563375,332.2985288,0.5
348.0507565,332.3017836,0.5
89.79563059,332.6220601,0.5
123.4324485,332.6201737,0.5
118.8105007,333.2050653,0.5
139.0408259,332.7528107,0.5
200.4322448,333.0449764,0.5
342.3209386,333.0009538,0.5
375.5233163,332.9359772,0.5
0.567281938,333.4622079,0.5
50.24748506,333.3496373,0.5
84.402633,333.3323745,0.5
150.125312,333.5514473,0.5
181.2898637,333.3633427,0.5
262.6690947,333.3725712,0.5
271.4274807,333.8017006,0.5
345.1229043,333.7544213,0.5
5.519435993,334.3530661,0.5
32.34728928,334.1487978,0.5
113.8439689,334.3070983,0.5
363.4510913,334.582197,0.5
17.63705704,335.1754268,0.5
331.9509866,334.5931102,0.5
86.07546862,334.5149254,0.5
273.5244546,335.2375986,0.5
77.57599081,335.6610267,0.5
356.2104666,335.6928573,0.5
2.020592604,335.9216977,0.5
133.6106962,336.0403412,0.5
376.0629388,335.928099,0.5
181.6251347,336.6021636,0.5
239.4334806,336.7315423,0.5
296.5362051,336.7344004,0.5
368.5748833,336.8145661,0.5
262.924485,336.7498212,0.5
331.9559648,336.901715,0.5
114.8721513,337.6517597,0.5
329.585817,337.8343901,0.5
83.47140344,338.2857824,0.5
159.7155085,338.5079046,0.5
35.26555133,338.8608094,0.5
48.81685602,338.7586152,0.5
205.8088783,338.76334,0.5
262.8715531,338.7168838,0.5
308.0304919,338.676662,0.5
363.0202253,338.5634756,0.5
274.1717493,338.9027845,0.5
291.9300147,339.0079012,0.5
20.19283257,339.3873294,0.5
28.01529264,339.6737229,0.5
235.5466918,339.7279035,0.5
382.428317,339.7578752,0.5
104.9239662,340.1101532,0.5
155.8260677,340.2504635,0.5
257.2616548,340.1873721,0.5
44.33452726,340.9754988,0.5
335.6206668,340.7827339,0.5
127.5975384,341.2410512,0.5
356.8978214,341.1079085,0.5
134.2403841,342.3441008,0.5
157.1608129,342.3934059,0.5
91.11145212,342.865784,0.5
249.375462,342.722762,0.5
63.84463161,343.0897793,0.5
141.3464149,343.3183329,0.5
38.88768213,343.4702658,0.5
211.9956875,343.4408283,0.5
334.3083194,343.3759118,0.5
28.49485139,343.928502,0.5
274.9688609,343.7552646,0.5
281.6646244,343.7771424,0.5
368.6017708,343.8969978,0.5
371.4820971,343.8156303,0.5
381.8126649,343.8909866,0.5
99.40443091,344.4927153,0.5
107.501933,344.2523703,0.5
129.0299261,344.1813577,0.5
110.6502211,344.5512551,0.5
384.5010479,344.564959,0.5
45.62893164,345.209325,0.5
79.20972183,345.049087,0.5
158.2044554,345.1667215,0.5
179.1180325,345.017351,0.5
222.1806813,345.2192469,0.5
235.4419694,344.5895522,0.5
337.8062845,345.3463197,0.5
20.66923921,345.8486111,0.5
65.71455568,345.6468838,0.5
125.2009001,345.7077512,0.5
131.3203606,345.7175496,0.5
91.10812796,346.1829004,0.5
147.1141923,346.7392305,0.5
341.0285991,346.6210277,0.5
346.4790906,346.9531651,0.5
364.4542188,346.8004059,0.5
5.738163527,347.4621204,0.5
107.4703837,347.3920166,0.5
263.1254821,347.4291474,0.5
111.3762686,347.5808394,0.5
129.4085513,347.5953276,0.5
175.3098926,347.6045435,0.5
267.6872411,347.7690285,0.5
366.7124817,347.544585,0.5
35.18226114,347.9832907,0.5
223.6906124,347.9979353,0.5
247.3183715,347.8950972,0.5
258.8726598,348.1286165,0.5
50.46271603,348.3533639,0.5
313.0994872,348.2752064,0.5
335.6308342,348.2226719,0.5
236.0104977,349.0758572,0.5
251.0901751,348.8771394,0.5
359.8324763,348.7340839,0.5
390.5070383,348.4843884,0.5
7.576564113,349.8037733,0.5
28.963087,349.1464422,0.5
93.8581876,349.4702666,0.5
0.8141760194,349.9083705,0.5
63.7534258,349.9002142,0.5
46.85111413,350.3750428,0.5
73.64322718,350.4006048,0.5
321.0981792,349.6275454,0.5
169.670347,350.7823902,0.5
88.47366398,351.1682126,0.5
120.1123866,350.7456452,0.5
308.7596259,351.2471463,0.5
219.548166,351.874383,0.5
313.0932249,351.7288612,0.5
142.4505448,352.0170705,0.5
215.5132129,352.3027734,0.5
248.9571966,352.2169958,0.5
371.3240647,351.9464149,0.5
380.8610326,352.0206775,0.5
395.5172372,352.080528,0.5
45.42993929,352.911758,0.5
60.10136353,352.6334294,0.5
93.93055846,352.485197,0.5
189.4588829,352.586339,0.5
233.9078434,352.663576,0.5
303.2165314,352.885479,0.5
186.6946117,352.8389133,0.5
390.0951573,352.7957263,0.5
90.18501071,353.6274635,0.5
339.770225,353.6617283,0.5
15.76205344,355.0715453,0.5
82.97657745,354.1936438,0.5
178.2125838,354.0940767,0.5
235.9828827,354.0444359,0.5
253.4472709,353.8428756,0.5
134.6405599,354.275275,0.5
144.1218297,354.6158064,0.5
190.8178063,354.9483128,0.5
268.2499601,354.6472449,0.5
21.32855688,356.5100491,0.5
31.55763086,355.4736308,0.5
59.47315979,355.719025,0.5
313.2348688,355.7793949,0.5
341.5975721,355.8474698,0.5
376.751266,355.6614166,0.5
28.70651554,356.4487047,0.5
309.0366083,356.2747414,0.5
384.7877721,356.1525201,0.5
101.8143874,356.8137693,0.5
129.3011893,356.6936466,0.5
135.795889,356.3542699,0.5
255.6729903,356.376749,0.5
48.64353916,356.9063564,0.5
162.3592142,356.8491814,0.5
260.3668422,357.8281206,0.5
165.0600727,357.6200565,0.5
191.2781889,357.8669942,0.5
274.174285,357.5748438,0.5
325.3454057,357.6716501,0.5
89.816798,358.118428,0.5
205.4852321,357.4614918,0.5
347.0708897,358.1741452,0.5
109.8440311,358.3988048,0.5
112.3047611,358.9154636,0.5
315.3732267,358.9931071,0.5
318.4119013,358.6798865,0.5
71.78964606,359.1190196,0.5
364.5540392,359.141791,0.5
35.0775194,360.5076784,0.5
363.1748412,360.3945815,0.5
55.10465565,360.7588289,0.5
348.2452439,360.7647817,0.5
389.2038251,360.9321393,0.5
102.3559159,361.1486914,0.5
331.2232386,361.0245268,0.5
77.35005808,361.6349746,0.5
207.8519184,361.3190952,0.5
210.4458618,361.3453193,0.5
242.3846176,361.4211279,0.5
21.31191545,361.8774023,0.5
86.59513412,362.7118356,0.5
339.8939329,362.2154971,0.5
374.2113466,362.1516919,0.5
377.3499831,362.2770217,0.5
110.8956407,362.6963402,0.5
12.84798256,363.1130623,0.5
125.7102744,363.5237005,0.5
318.4157019,363.1801464,0.5
38.62935425,363.4675765,0.5
154.8010753,363.6882745,0.5
217.1861088,363.6041932,0.5
283.9409088,363.6221365,0.5
1.516730811,364.0408389,0.5
35.15738293,364.1592078,0.5
81.81037323,364.2219552,0.5
48.03266224,364.5979924,0.5
57.64357992,364.4100186,0.5
119.5659342,364.5911062,0.5
136.3211747,364.2277104,0.5
149.5593308,364.4789544,0.5
9.56498919,365.1661058,0.5
18.51629801,364.6972962,0.5
308.1417676,365.2939759,0.5
321.341519,365.191313,0.5
59.77336369,365.4662915,0.5
137.6933896,365.1119403,0.5
310.4994422,365.9328775,0.5
347.1761034,365.7694419,0.5
40.86974602,366.4667978,0.5
61.99632491,366.1692887,0.5
112.338138,366.2877216,0.5
299.4808332,366.4350063,0.5
331.1587614,366.4340521,0.5
70.40393582,367.7977532,0.5
101.4712562,366.8337878,0.5
105.3039893,366.6487264,0.5
28.72782253,367.157631,0.5
359.7282899,367.1236796,0.5
145.7233052,367.3382796,0.5
150.2712612,367.6397696,0.5
158.6094278,367.7200104,0.5
218.831737,367.9691054,0.5
343.212655,367.9208059,0.5
116.1452674,368.2299238,0.5
306.9140163,368.020839,0.5
77.0557598,368.8407018,0.5
170.7925559,369.433086,0.5
176.8353384,369.2510745,0.5
263.959339,369.4024666,0.5
44.79079113,369.6030783,0.5
242.7387824,369.5487385,0.5
106.0154708,370.1129918,0.5
136.4987705,370.1974199,0.5
260.6113709,369.8731181,0.5
96.15820875,370.4213368,0.5
258.239837,370.8998578,0.5
370.7756974,370.7674446,0.5
230.9219534,371.0725311,0.5
203.4265077,371.4439337,0.5
209.2319697,371.296676,0.5
282.1921952,371.7695527,0.5
198.82936,372.0973805,0.5
22.50711527,372.253793,0.5
62.06925811,372.435596,0.5
184.2928617,372.2387852,0.5
89.31594435,373.1289017,0.5
189.190153,373.4659673,0.5
259.5133936,373.4416547,0.5
123.0036933,373.7640034,0.5
342.2190362,373.8158186,0.5
112.7721184,374.3513812,0.5
208.9422242,374.1040621,0.5
68.81669244,374.9614742,0.5
225.6676916,375.6092542,0.5
60.40534114,375.246871,0.5
118.7090028,375.3528759,0.5
174.382277,375.2043357,0.5
34.32495929,375.6783089,0.5
41.10316981,375.3412829,0.5
133.4595596,375.628642,0.5
384.3290245,375.5913467,0.5
172.2411595,376.0600487,0.5
179.557352,376.1840084,0.5
196.0653973,376.0880975,0.5
219.8849082,376.4324019,0.5
233.4804162,376.3720865,0.5
250.340519,376.5563923,0.5
370.3312457,376.1586761,0.5
128.9965378,376.9201781,0.5
209.0900246,377.1156614,0.5
256.2164007,377.2012733,0.5
306.7223652,377.2084307,0.5
114.8245977,377.5373769,0.5
303.9381153,377.4253731,0.5
5.727441664,378.5359202,0.5
43.58702181,378.6430365,0.5
325.2732335,378.8511193,0.5
399.0097397,378.9281546,0.5
105.4992425,379.5548664,0.5
132.166331,379.2490253,0.5
268.2298292,379.3678767,0.5
190.4738117,379.846638,0.5
228.4245466,379.8336449,0.5
185.6670217,380.4618965,0.5
373.8954976,380.4225811,0.5
21.62634611,380.948279,0.5
110.2309677,380.7959802,0.5
41.61835041,381.1193331,0.5
102.5685812,381.3091032,0.5
112.3752472,381.2403764,0.5
139.6180631,381.7443724,0.5
69.46477866,381.93189,0.5
23.33841274,382.450174,0.5
71.87545149,382.2287908,0.5
106.0326939,382.3984685,0.5
121.9189016,382.000575,0.5
135.3675159,382.5342151,0.5
6.41427877,382.671856,0.5
244.0890891,382.8837384,0.5
65.96173975,383.0821728,0.5
81.70826883,383.2113552,0.5
114.5001508,383.0074174,0.5
352.1682775,382.9745371,0.5
9.881097049,384.3201648,0.5
110.8181919,384.2994724,0.5
368.5810869,384.3317605,0.5
145.2093968,384.7135965,0.5
338.5631247,384.6921547,0.5
71.45741845,385.0361952,0.5
89.00388395,384.8822069,0.5
312.5145321,385.06507,0.5
335.8552672,384.9059763,0.5
349.7849227,385.1004184,0.5
389.205528,384.8902998,0.5
13.50197229,386.3116049,0.5
244.986914,385.7391938,0.5
153.3756245,386.2463498,0.5
203.2227911,386.1175284,0.5
356.0678175,386.2251817,0.5
166.8263683,386.8219759,0.5
39.50292876,387.2427755,0.5
140.5654673,387.3823522,0.5
263.1135002,388.4870457,0.5
301.4357914,388.4846487,0.5
317.3859317,388.37011,0.5
97.65170058,388.9145213,0.5
180.0407189,388.6757769,0.5
394.8594449,388.8904643,0.5
14.65491937,389.3034763,0.5
226.0648389,389.3318763,0.5
348.7471373,389.4567743,0.5
95.16872918,390.0271325,0.5
143.042111,389.8383706,0.5
217.3519708,389.8721546,0.5
246.4735674,389.7075847,0.5
138.6526302,390.3215065,0.5
276.3959084,390.2930163,0.5
99.65499754,391.6951558,0.5
240.5647125,390.2154835,0.5
307.8148698,390.5441474,0.5
318.9338675,390.7940355,0.5
381.0141606,390.4939985,0.5
383.1218004,390.4850746,0.5
72.00545061,391.6237334,0.5
118.2883133,391.8689826,0.5
129.9320104,391.7925311,0.5
168.5012384,391.5882211,0.5
60.30696671,391.9472536,0.5
222.6441632,391.4134316,0.5
375.3017262,392.0099051,0.5
113.6478833,392.3665165,0.5
314.5806029,391.9174007,0.5
123.5141114,392.7725858,0.5
146.2287248,393.3046614,0.5
180.0065687,393.2117471,0.5
222.2984551,393.5495271,0.5
265.7213055,393.5918523,0.5
205.8334647,393.8590078,0.5
334.0279947,394.0086469,0.5
72.68647481,394.4844727,0.5
137.5968702,394.5145851,0.5
126.4423632,394.7554479,0.5
188.4997487,394.5973123,0.5
110.6030751,395.1025126,0.5
130.3962346,395.0115708,0.5
143.4087156,394.9144397,0.5
214.6121597,395.1124848,0.5
368.2185241,395.0008954,0.5
118.9866948,395.6628461,0.5
302.6557418,395.8622252,0.5
307.7999066,395.495039,0.5
349.1028728,395.5494923,0.5
30.53208804,395.7947256,0.5
279.827841,396.0962466,0.5
93.69651993,396.5439396,0.5
97.02098108,396.5875132,0.5
227.2886592,397.1315719,0.5
326.897935,397.0660041,0.5
385.3182793,396.9792104,0.5
194.6962226,397.1567303,0.5
136.7581288,397.8066917,0.5
204.304174,397.5370396,0.5
366.0076854,397.6854871,0.5
375.8029717,397.667792,0.5
132.156787,398.1614381,0.5
156.2764462,398.1689695,0.5
211.2370511,398.2070919,0.5
260.7490646,398.0848369,0.5
162.5764532,398.3448138,0.5
89.52687459,398.9178408,0.5
125.7278311,398.7190628,0.5
354.5672322,398.9330157,0.5
31.09345116,399.2530049,0.5
143.2793136,399.5217826,0.5
242.1565508,399.5274046,0.5
329.1776574,399.5181932,0.5
11.37067495,399.6926695,0.5
94.14945689,399.6739369,0.5
374.2588066,399.8134328,0.5
